LidNr;Naam;Voornaam;Achternaam;Tussenvoegsel;Adres;Woonplaats;Postcode;Mobiel;Telefoon;BondsNr;Geslacht;GeboorteDatum;Leeftijd;Email1;Email2;LidType;LidBond;CompGerechtigd;LeeftijdCat;BetaalWijze;LidVanaf;Opgezegd;LidTot;PakketTot;Medisch;Ouder1_Naam;Ouder1_Email1;Ouder1_Email2;Ouder1_Mobiel;Ouder1_Telefoon;Ouder2_Naam;Ouder2_Email1;Ouder2_Email2;Ouder2_Mobiel;Ouder2_Telefoon
"294";"Waal, Martijn de";"Martijn";"Waal";"de";"Melissegaarde 29";"NIEUWEGEIN";"3436HZ";"06-40874986";"030-6977411";"3882972";"M";"19960518";"18";"mrjdewaal@hotmail.com";"";"N";"J";"J";"SEN 1";"I";"20080928";"N";"";"";"Naam moeder: Wensing";"";"rtmwensing@hotmail.com";"";"";"";"";"";"";"";""
"270";"Seldenrijk, Rob";"Rob";"Seldenrijk";"";"Multatulistraat 73";"VLEUTEN";"3415AR";"06-41694038";"030-6772223";"3620833";"M";"19960527";"18";"robseldenrijk@hotmail.com";"";"N";"J";"J";"SEN 1";"I";"20071204";"N";"";"";"";"";"ruthenmarjo@casema.nl";"";"";"";"";"";"";"";""
"333";"Delissen, Oscar";"Oscar";"Delissen";"";"Merwedeplantsoen 53";"UTRECHT";"3522JZ";"06-18157749";"030-2888832";"3829500";"M";"19970207";"17";"delissenwijten@zonnet.nl";"";"N";"J";"J";"JUN 3";"I";"20091221";"N";"";"";"";"";"";"";"";"";"";"";"";"";""
"402";"Drijfhout, Coen";"Coen";"Drijfhout";"";"Melvill van Cainbeelaan 9";"DRIEBERGEN RIJSENB";"3971BA";"";"0343-755408";"3991145";"M";"19971023";"17";"cdrijfhout@detinne.nl";"";"N";"J";"J";"JUN 3";"I";"20130720";"N";"";"";"ADHD/PDD NOS";"";"h.drijfhout@asuadvies.nl";"";"";"";"";"";"";"";""
"405";"Zelderen, Sharon van";"Sharon";"Zelderen";"van";"Lopikerweg Oost 100A";"Lopik";"3411LW";"06-23876385";"0348-551990";"3755002";"V";"19980227";"16";"sharonvanzelderen@hotmail.com";"";"N";"J";"J";"JUN 2";"I";"20130916";"N";"";"";"";"";"famvzelderen@hetnet.nl";"";"";"";"";"";"";"";""
"424";"Brion, Hendrik";"Hendrik";"Brion";"";"Vosseweide 83";"NIEUWEGEIN";"3437TC";"06-42924801";"030-8895876";"4009894";"M";"19980820";"16";"hendrik98@hotmail.nl";"";"N";"J";"J";"JUN 2";"U";"20140928";"N";"";"";"";"M. Brion";"maritza_brion50@hotmail.com";"";"";"";"";"";"";"";""
"383";"Clement, Ernstjan";"Ernstjan";"Clement";"";"Kruijderlaan 154";"NIEUWEGEIN";"3431BT";"06-41148544";"030-6046353";"4047452";"M";"19981008";"16";"a.clement45@ziggo.nl";"";"N";"J";"J";"JUN 2";"I";"20120920";"N";"";"";"";"";"";"";"";"";"";"";"";"";""
"374";"Fokkenrood, Mitch";"Mitch";"Fokkenrood";"";"Kasteeldrift 29";"NIEUWEGEIN";"3436TL";"06-13714287";"";"4042088";"M";"19981110";"16";"mitchfcutrechtjsv@live.nl";"";"N";"J";"J";"JUN 2";"I";"20120708";"N";"";"";"";"";"marinatemming@hotmail.com";"";"06-24299425";"";"";"";"";"";""
"360";"Mohamed Kamel, Semmi";"Semmi";"Mohamed Kamel";"";"Televisiebaan 71";"IJSSELSTEIN UT";"3402VB";"06-59191442";"";"4016817";"M";"19990222";"15";"";"";"N";"J";"J";"JUN 1";"U";"20110922";"N";"";"";"";"Gitte";"gitteaboulaila@hotmail.com";"";"06-37091878";"";"";"";"";"";""
"376";"Peper, Douwe";"Douwe";"Peper";"";"Nassaulaan 3 a";"DOORN";"3941EC";"06-42438778";"0343-416890";"4002428";"M";"20000226";"14";"";"";"N";"J";"J";"CAD 2";"I";"20120708";"N";"";"";"";"";"m.dehont@planet.nl";"";"";"";"";"";"";"";""
"254";"Nieuwendijk, Patrick";"Patrick";"Nieuwendijk";"";"Rembrandthage 61";"NIEUWEGEIN";"3438JJ";"";"030-6090871";"3835925";"M";"20000303";"14";"nieuwendijkenator@gmail.com";"patrick.nieuwendijk.58@facebook.com";"N";"J";"J";"CAD 2";"I";"20070409";"N";"";"";"";"";"lucy.nieuwendijk@gmail.com";"";"";"";"";"";"";"";""
"354";"Schinkel, Hidde";"Hidde";"Schinkel";"";"Mandenmaker 42";"IJSSELSTEIN UT";"3401TG";"06-13053807";"030-6872442";"3997426";"M";"20000420";"14";"hans.schinkel@tiscali.nl";"";"N";"J";"J";"CAD 2";"I";"20110425";"N";"";"";"";"";"";"";"";"";"";"";"";"";""
"420";"Wierst, Milo van";"Milo";"Wierst";"van";"Hans Andreusstraat 35";"Almere";"1321SK";"06-47115221";"036-5242052";"3961297";"M";"20000714";"14";"milovanwierst@gmail.com";"";"Z";"J";"J";"CAD 2";"I";"20140526";"N";"";"";"";"";"alettekramer@gmail.com";"theovanwierst@gmail.com";"";"";"";"";"";"";""
"413";"Papenhuijzen, Bas";"Bas";"Papenhuijzen";"";"Meindert Hobbemelaan 17";"IJSSELSTEIN";"3401NA";"06-51188120";"030-6880021";"4095099";"M";"20000722";"14";"";"";"N";"J";"J";"CAD 2";"I";"20131208";"N";"";"";"";"";"papenhuijzen@significant.nl";"";"";"";"";"";"";"";""
"396";"Hengst, Ruben";"Ruben";"Hengst";"";"Nedereindseweg 219";"NIEUWEGEIN";"3438AC";"06-12912492";"030-6033403";"4062800";"M";"20000825";"14";"rubenhengst@gmail.com";"";"N";"J";"N";"CAD 2";"I";"20121220";"N";"";"";"4062800";"";"";"";"";"";"";"";"";"";""
"307";"Kader, Gino";"Gino";"Kader";"";"P.W. Alexanderdijk 75";"IJSSELSTEIN UT";"3402PK";"06-45306056";"030-2900748";"3926352";"M";"20001023";"14";"";"";"N";"J";"J";"CAD 2";"I";"20090303";"N";"";"";"06-41767376";"";"kader2@kabelfoon.nl";"";"";"";"";"";"";"";""
"403";"Kruijf, Tommy de";"Tommy";"Kruijf";"de";"Kamperveste 46";"Nieuwegein";"3432BD";"06-28637181";"";"4038788";"M";"20010508";"13";"";"";"N";"J";"N";"CAD 1";"U";"20130812";"N";"";"";"";"Jolande";"jolandedekruijf@gmail.com";"";"";"";"";"";"";"";""
"375";"Wannet, Jasper";"Jasper";"Wannet";"";"Batiewseweg 35";"LOPIKERKAPEL";"3412KX";"06-43261291";"0348-553551";"4035277";"M";"20010826";"13";"j.j.wannet@kpnmail.nl";"";"N";"J";"J";"CAD 1";"I";"20120708";"N";"";"";"";"";"m.wannet@growconsult.nl";"";"";"";"";"";"";"";""
"347";"Waal, Renske de";"Renske";"Waal";"de";"Melissegaarde 29";"NIEUWEGEIN";"3436HZ";"06-40874986";"030-6977411";"4077025";"V";"20011229";"12";"";"";"N";"J";"J";"CAD 1";"I";"20101012";"N";"";"";"";"";"rtmwensing@hotmail.com";"";"";"";"";"";"";"";""
"394";"Brenninkmeyer, Timo";"Timo";"Brenninkmeyer";"";"Kafmolenweide 3";"NIEUWEGEIN";"3437XS";"06-30726438";"030-7558557";"";"M";"20011230";"12";"timobrenn@hotmail.com";"";"N";"N";"N";"CAD 1";"I";"19000101";"N";"";"";"Migraine";"";"karinasertons@hotmail.com";"";"";"";"";"";"";"";""
"372";"Cramer, Lex";"Lex";"Cramer";"";"Malrovegaarde 6";"NIEUWEGEIN";"3436JK";"06-20606037";"06-20606037";"4058534";"M";"20020617";"12";"";"";"N";"J";"J";"PUP 2";"I";"20120301";"N";"";"";"";"";"g.cramer@rn.rabobank.nl";"";"";"";"";"";"";"";""
"386";"Uyleman, Bruce";"Bruce";"Uyleman";"";"Tilburgdrift 8";"NIEUWEGEIN";"3436AT";"06-50295037";"030-6039519";"4070374";"M";"20021002";"12";"";"";"N";"J";"J";"PUP 2";"I";"20121018";"N";"";"";"";"";"paulenvera@gmail.com";"";"";"";"";"";"";"";""
"359";"Strookman, Robin";"Robin";"Strookman";"";"Johannes Vermeerhage 27";"NIEUWEGEIN";"3437NM";"";"06-48543939";"4025531";"M";"20030618";"11";"robinstrookman@hotmail.com";"";"N";"J";"J";"PUP 1";"I";"20110921";"N";"";"";"";"";"jacco@strookmanadvies.nl";"";"";"";"";"";"";"";""
"393";"Bree, Jurre de";"Jurre";"Bree";"de";"Pieter Aerstenhage 108";"NIEUWEGEIN";"3437NW";"06-20031691";"030-6046484";"4055366";"M";"20040609";"10";"jurre@debree.eu";"";"N";"J";"J";"WLP 2";"I";"20121114";"N";"";"";"";"Lonneke";"fam@debree.eu";"";"";"";"";"";"";"";""
"418";"Otterlo, Jason van";"Jason";"Otterlo";"van";"Hogerhoeve 33";"NIEUWEGEIN";"3438LJ";"";"030-2946941";"";"M";"20041004";"10";"anne.van.otterlo@gmail.com";"";"N";"N";"N";"WLP 2";"I";"20140416";"N";"";"";"";"Anne van Otterlo";"andrea.huck@gmail.com";"";"06-12994804";"";"";"";"";"";""
"425";"Lamers, Juul";"Juul";"Lamers";"";"Kerkuil 6";"NIEUWEGEIN";"3435GL";"06-25038727";"";"";"V";"20041011";"10";"";"";"N";"N";"N";"WLP 2";"I";"20141010";"N";"";"";"";"";"tbslamers@gmail.com";"";"";"";"";"";"";"";""
"412";"Vink, Amber";"Amber";"Vink";"";"Thorbeckepark 28";"NIEUWEGEIN";"3438WC";"06-41209778";"";"";"V";"20050806";"9";"";"";"N";"N";"N";"WLP 1";"I";"20140901";"N";"";"";"";"";"mirvana2@hotmail.com";"";"";"";"";"";"";"";""
"411";"Klein Gunnewiek, Sven";"Sven";"Klein Gunnewiek";"";"Anne de Vrieshove 11";"NIEUWEGEIN";"3437ZA";"06-40564564";"030-2674904";"";"M";"20050811";"9";"";"";"N";"N";"N";"WLP 1";"I";"20131110";"N";"";"";"";"";"kgvi@casema.nl";"";"06-40564564";"";"";"";"";"";""
"421";"Kruyswijk, Estia";"Estia";"Kruyswijk";"";"Agnesgaarde 4";"NIEUWEGEIN";"3436RJ";"";"030-6038750";"";"V";"20060429";"8";"";"";"N";"N";"N";"WLP 0";"I";"20140702";"N";"";"";"";"Bas";"bas.kruyswijk1@gmail.com";"";"";"";"";"";"";"";""
"417";"Zhou, Joy";"Joy";"Zhou";"";"Batenborch 13";"VIANEN";"4132HS";"";"0347-778411";"";"V";"20060817";"8";"";"";"N";"N";"N";"WLP 0";"I";"20140131";"N";"";"";"";"";"lemaitremb@gmail.com";"";"06-14704762";"";"";"";"";"";""
"406";"Overbeek, Finn";"Finn";"Overbeek";"";"Stijn Streuvelshove 53";"NIEUWEGEIN";"3437BC";"06-27474928";"030-6054808";"";"M";"20061011";"8";"";"";"N";"N";"N";"WLP 0";"I";"20130929";"N";"";"";"";"Kim Hendriks";"kim.hendriks@casema.nl";"";"";"";"";"";"";"";""
"426";"Eijpe, Pim";"Pim";"Eijpe";"";"Reigersbek 45";"NIEUWEGEIN";"3434XG";"06-41370090";"030-8791677";"";"M";"20070505";"7";"";"";"N";"N";"N";"WLP -1";"I";"20141010";"N";"";"";"";"";"jaspereijpe@gmail.com";"";"06-41370090";"";"";"";"";"";""
